{"max": [0.953149, 1.69725, 1.22469], "centroid": [0.6544931503930065, 0.9214729556331868, 1.0714120515283851], "id": "bf2a5f434972f11a690a03770c5de186", "numVertices": 5725, "min": [0.329448, 0.555782, 0.964564]}
