{"max": [50.9872, 173.614, 50.9872], "centroid": [1.2495111803373093, 120.54584863771234, -0.5621965047305644], "id": "10c9a321485711a88051229d056d81db", "numVertices": 2431, "min": [-50.9872, -4.26085, -50.9872]}
