{"max": [-0.988336, 1.02241, -0.728368], "centroid": [-1.106174040975609, 0.8355250165853646, -0.9197401609756148], "id": "176bb6178d49f5ace01c07526cf2aa4", "numVertices": 1025, "min": [-1.22386, 0.714067, -1.03914]}
