{"max": [0.537546, 1.79615, 0.154236], "centroid": [0.3472773440810603, 0.43218132058594916, -0.0914656186396474], "id": "1784a6bea782ef4af50956e9de496e43", "numVertices": 4984, "min": [0.0791006, 0.0, -0.259285]}
