{"max": [-3.78656, 1.06889, 8.91964], "centroid": [-4.421006805555557, 0.47910498611111113, 8.676306666666658], "id": "ee00bd67de87106cda268e3f4aab0907", "numVertices": 144, "min": [-5.05656, -0.111111, 8.54964]}
