{"max": [0.177245, 0.073703, 0.0586315], "centroid": [0.0001364818635649111, 0.013642704804718207, 0.012626019893840098], "id": "78c5c2aee9ae697b3321831d2245cf06", "numVertices": 1526, "min": [-0.177095, -0.0431401, -0.117013]}
