{"max": [3.26824, 1.60331, 0.0982154], "centroid": [0.3752605256698791, 0.333934559756051, -1.542580824081845], "id": "c1b5dc92221bcdad5fc84bf2b9ef981", "numVertices": 5083, "min": [-2.34478, 0.0, -2.70351]}
