{"max": [0.0127, 1.8288, 0.003175], "centroid": [-0.3876425315614617, 0.9059393536544834, -0.28741172184385183], "id": "7b17701391dcaa7bd2473c216962c0f3", "numVertices": 2408, "min": [-0.7747, 0.0, -0.388629]}
