{"max": [9.9, 5.83179, 14.7902], "centroid": [0.14636451179665172, 2.3151998232100106, 7.699849501811082], "id": "a4462b31326da9493ea703383c665f30", "numVertices": 11352, "min": [-9.9, -0.00600306, -0.2]}
