{"max": [0.182739, 246.456, 180.044], "centroid": [-192.4074842310621, 14.082375083699308, 103.78977958324786], "id": "b71c9a055a7f45c759af6c3da8aff0e6", "numVertices": 9742, "min": [-358.593, -128.203, 28.3205]}
