{"max": [0.0, 25.6882, 104.603], "centroid": [-13.16601199133837, 8.278150754079093, 52.84578877784206], "id": "a10b42b69a8caa5b616d27151166e25f", "numVertices": 22854, "min": [-26.3511, 4.76837e-07, 0.0]}
