{"max": [-2.42632, 2.28764, 0.11752], "centroid": [-2.6952901058201073, 1.6097498412698399, -0.3884589365079359], "id": "8a159ab6dc7b409cc211ff482a022b4d", "numVertices": 189, "min": [-2.98632, 0.0, -0.74248]}
