{"max": [5.39315, 3.38455, 14.3171], "centroid": [3.6680741903019154, 1.1142707489661456, 8.506273888380617], "id": "567d3b42ab9b89195135b59750002c2a", "numVertices": 1093, "min": [2.11655, -0.321366, 1.35004]}
