{"max": [0.4654, 1.14659, 0.2771], "centroid": [0.21240465797101402, 0.22463008637681126, 0.13721807927536198], "id": "a603aea34beaf4424b3c42e318f3affc", "numVertices": 2070, "min": [0.0, 0.0, 0.0]}
