{"max": [1.01406, 1.22649, 4.18162], "centroid": [-0.002568994768586282, 0.47967928707203666, 2.171542624735961], "id": "a471cdae8ec5df5c9e317a6cc797b629", "numVertices": 46115, "min": [-1.01406, 1.13249e-05, 0.0791166]}
