{"max": [9.64987, 0.95, 1.52093], "centroid": [9.248256361001308, 0.5917531486165981, 0.9944185470355504], "id": "a635200a9c6258cc1dc59d2adbe5297d", "numVertices": 3795, "min": [9.07987, 0.0, 0.946932]}
