{"max": [0.183997, 0.769898, -0.109], "centroid": [-0.01913957033368122, 0.2634145050150033, -0.1899337828282814], "id": "464c2b11e7c9ae87241535bd4c40391e", "numVertices": 8910, "min": [-0.216003, -0.376144, -0.225799]}
