{"max": [86.1811, -7.20686, -128.958], "centroid": [85.90155085495263, -7.67320808962259, -129.63496609669826], "id": "b4fe88b1c71ec07817c98cc13ef6018d", "numVertices": 3392, "min": [85.1146, -8.76352, -130.938]}
