{"max": [9.12921, -2.54, 9.89149], "centroid": [-0.5612615399999996, -3.7555115999999997, 3.57215918], "id": "f83e0334efbe5ac33c702793a783cff1", "numVertices": 50, "min": [-10.2588, -5.05, -2.74812]}
