{"max": [1.50991e-07, 0.171395, 0.1312], "centroid": [-0.13794303869008392, 0.025144425325783825, 0.07267270245433854], "id": "f7c26b8c94ba8214397c35f585745a82", "numVertices": 9868, "min": [-0.279767, 1.38534e-07, 2.69711e-06]}
