{"max": [0.0, 3.94989, 0.0], "centroid": [-0.1981478111860383, 3.311075721935744, -2.4694476188020418], "id": "686be742e65eab7816cf8b1cd2155e02", "numVertices": 2521, "min": [-0.8314, 0.0, -7.61298]}
