{"max": [-2.62577, 0.6858, 9.54437], "centroid": [-2.8067766666666656, 0.3833460645045046, 9.115756306306308], "id": "126974e8219d2fe71fe8e0bfc9ed267", "numVertices": 111, "min": [-2.98137, 0.0, 9.06177]}
