{"max": [1.01297, 1.55, 0.194465], "centroid": [0.3632683359375004, 0.6174150156250005, -1.3997097343749998], "id": "1eb2eb87a623d9422d24866ea0018e08", "numVertices": 128, "min": [0.0, 0.0, -2.94036]}
