{"max": [-1.79385, 1.04, -1.54416], "centroid": [-2.8733320069204153, 0.6219865190311419, -2.6236323875432532], "id": "6f93656d083e985465bae2cb33eb4baa", "numVertices": 289, "min": [-3.95281, 0.0, -3.70311]}
