{"max": [15.2275, 13.9192, 26.3322], "centroid": [3.6204831017142833, 2.5800274857142966, 15.464695257142852], "id": "aaebdb95de0459f66a51abe62a0f8cce", "numVertices": 175, "min": [-7.65793, 0.0, 7.55527]}
