{"max": [0.0500361, 0.424956, 0.0324086], "centroid": [0.014357806605753032, 0.2362519067258851, -0.13878775121108314], "id": "19fe41f0a0b6bee2979c556124bee033", "numVertices": 2364, "min": [-0.0594685, 0.0, -0.262351]}
