{"max": [1.22814, 0.313801, -0.343653], "centroid": [1.054990741071429, 0.16950678571428565, -0.5168150446428578], "id": "6dc3773e131f8001e76bc197b3a3ffc0", "numVertices": 224, "min": [0.881814, 0.017609, -0.689978]}
