{"max": [-5.39817, 0.995685, 10.2169], "centroid": [-6.529207827121328, 0.8234624409199021, 8.698584536082516], "id": "47ae345322c4add9f9c0f9cbb10e38a2", "numVertices": 2522, "min": [-7.63972, 0.0, 7.4959]}
