{"max": [-0.601446, 1.46386, 1.2563], "centroid": [-1.0852191092896184, 0.42131048774395174, 0.7687997517564399], "id": "fe6be0860c63aa1d8b2bf9f4ef8234", "numVertices": 1281, "min": [-1.56374, -0.136462, 0.294006]}
