{"max": [0.03381, 0.2776, 0.009491], "centroid": [-0.0006067871450541523, 0.19124528654332196, -0.02442062732989892], "id": "4bd87bb547f266f3133483af4507508a", "numVertices": 277, "min": [-0.0338151, -0.066879, -0.0581341]}
