{"max": [0.37894, 0.956554, 1.845], "centroid": [0.02562664400425745, 0.5084025872317456, 0.7106619935984], "id": "52e2bc89667a8e35617798af67b81f2f", "numVertices": 62953, "min": [-0.37894, 0.0, -0.315]}
