{"max": [0.377106, 0.17047, 0.157969], "centroid": [0.3009238803253314, 0.0576697259481022, 0.09099254240898534], "id": "b8cf1ee73b068390205b075c6f63f661", "numVertices": 2582, "min": [0.173401, -0.06963, 0.0239686]}
