{"max": [-0.586295, 45.838, 1.32562], "centroid": [-6.962463366125169, 22.676161584914315, -0.9934587024615982], "id": "fcc1d297e1c4be5d93f0194265a9746c", "numVertices": 8803, "min": [-13.2128, 0.416149, -1.70455]}
