{"max": [-1.0641, 6.30217, 5.9982], "centroid": [-3.844329030955587, -0.40122819380888036, 4.012305348586828], "id": "40f188600cf8362b654ea6737b0d3597", "numVertices": 743, "min": [-6.5505, -5.7912, 0.511798]}
