{"max": [-1.19209e-07, 0.163445, 0.360594], "centroid": [-0.26068574365626157, 0.07933408558515236, 0.18663289935884192], "id": "e41cc68c7809ec9a412deb0d2b0f3dcd", "numVertices": 1934, "min": [-0.521371, -9.68575e-08, 0.0]}
