{"max": [-0.0494377, 1.01008, -0.104832], "centroid": [-0.496146568504081, 0.3993590425530365, -0.6196742223028122], "id": "658c983e6982f6a43b48a711df82173e", "numVertices": 5515, "min": [-0.953178, 0.0, -1.60068]}
