{"max": [0.0, 2.54476, 0.968375], "centroid": [-0.48460503125000015, 1.1455203125000004, 0.6655823124999998], "id": "86ec9c796a6c1789e792598ed58dd1cc", "numVertices": 64, "min": [-0.969963, -3.35432e-19, 0.0]}
