{"max": [0.3992, 0.24704, -0.138133], "centroid": [0.16217465804347858, 0.09746515562456573, -0.2931120866114543], "id": "efc55d2da732898d188976e1056285ea", "numVertices": 2898, "min": [-0.0708, 0.03204, -0.448133]}
