{"max": [0.229207, 0.230674, 0.0667102], "centroid": [0.0017627718642629667, -0.02178158888653236, -0.005736812953340409], "id": "1f4b16094bd83af82d2d2896f4b277fc", "numVertices": 943, "min": [-0.229264, -0.230623, -0.0666594]}
