{"max": [0.48, 0.843487, 0.0375144], "centroid": [-0.02630599346938788, 0.35356020721088444, 0.0035144000000000156], "id": "3ceaeac7f8a243babd4bf7024dfa167d", "numVertices": 294, "min": [-0.512164, -0.00751439, -0.0304856]}
