{"max": [0.17014, 0.35, 0.18814], "centroid": [-0.008451573426573497, 0.26643356643356664, 0.006527447552447554], "id": "fa392260102667eb612edac3a429aa9a", "numVertices": 143, "min": [-0.188444, 0.0, -0.170444]}
