{"max": [1.43282, 2.59715, 1.43282], "centroid": [-0.009546666180555562, 1.2366727847222287, -0.11339583333333333], "id": "c0d3656a60fc5e3b16acbecd8bf6925d", "numVertices": 864, "min": [-1.43282, 0.0, -1.43282]}
