{"max": [0.7366, 2.4384, 1.21412], "centroid": [0.009838930067567473, 0.3052869399905453, -0.08817316687499964], "id": "2cd2307d0ff140d71bb5b0562ff6c354", "numVertices": 2960, "min": [-0.6858, 0.0, -1.19447]}
