{"max": [0.0275268, 0.199175, 0.0275268], "centroid": [-0.01899056129073421, 0.08729730762587438, -0.03140130557692306], "id": "bd0a6045194ff62176c18e71fd49c4dc", "numVertices": 1144, "min": [-0.072009, 0.0, -0.138907]}
