{"max": [-2.10929, 1.33505, 5.00895], "centroid": [-3.135112327765679, 0.4407463853064977, 3.1121520227059345], "id": "e61dadc02535e6e44b6e62b17dc78f70", "numVertices": 24487, "min": [-4.12742, 0.0293818, 1.20265]}
