{"max": [0.0892967, 0.0547129, 0.0254], "centroid": [-0.03792548541791043, 0.018603528455522367, 0.009739372343283731], "id": "9c8a2e3431b0b2dda2cc48a1579329e", "numVertices": 670, "min": [-0.0506925, 0.0, 0.0]}
