{"max": [10.5498, 2.43399, 4.49989], "centroid": [8.508286591928247, 0.3826317246636769, 1.9304399143497748], "id": "69ece333c6d386ebbeee9a165d0dbe2", "numVertices": 223, "min": [6.46678, -2.16564, -0.64896]}
