{"max": [0.5, 0.3, 0.0], "centroid": [0.12051351162790704, 0.16378651162790692, -0.28849534883720973], "id": "6216efeb4d5836d1efa585e146d1a8c9", "numVertices": 86, "min": [0.0, 0.0, -0.3273]}
