{"max": [0.925225, 0.59779, 0.297], "centroid": [0.38099855193429655, 0.29715779425041144, 0.1487772750984026], "id": "74ebdf5a3cdf33ebc6966f67e1bb9e90", "numVertices": 6697, "min": [-0.02, -0.003, -0.0255683]}
