{"max": [-15.2155, 3.8227, -23.4709], "centroid": [-16.11432580645162, 1.8115258709677415, -31.42955161290323], "id": "1f50be38c10cc2201c8302bff3c63802", "numVertices": 31, "min": [-22.1814, 0.0, -34.742]}
