{"max": [0.009525, 0.018796, 0.170275], "centroid": [-0.11033136273326051, 0.011454183588066743, 0.047027284255249296], "id": "d22bad5e72b815c41aea59cd55c902b0", "numVertices": 3620, "min": [-0.281814, -0.0184189, -0.053975]}
