{"max": [0.381881, 2.22382, 0.382069], "centroid": [0.005751026745327066, 1.6715773130841098, -0.0045963980747663604], "id": "2b717a6fb2aadcf9a22dab393015702f", "numVertices": 428, "min": [-0.374844, 0.0, -0.374656]}
