{"max": [0.209564, 0.0775641, 0.126616], "centroid": [0.004064581714788724, 0.07081202288732379, 0.05578591332429581], "id": "477b37c996a9ae6b61b37d2f08c1bc03", "numVertices": 1136, "min": [-0.230752, 0.0569747, -0.0269435]}
