{"max": [12.7425, 13.6361, -3.88196], "centroid": [8.105398487644146, 1.7688155246359119, -4.4837215090609215], "id": "ad2711786f1bd2f3bece9f494cab1c6d", "numVertices": 3035, "min": [3.70646, -13.1431, -4.75032]}
