{"max": [0.073218, 2.57332, -0.523], "centroid": [-0.8054582275214199, 1.290253454710354, -2.936840384786094], "id": "41cc9674e700c3fdb37378f3c85478b4", "numVertices": 69358, "min": [-2.62506, 0.08052, -5.84792]}
