{"max": [0.485, 1.154, 0.6], "centroid": [0.2530948350398179, 0.6267482548350364, 0.2994036632536974], "id": "32cf86c686fe9b1974828baacbf242e3", "numVertices": 879, "min": [0.0, 0.0, -0.01]}
