{"max": [-2.12233, 14.6368, 13.236], "centroid": [-5.727220246085025, 9.076491051454145, 8.63204105145413], "id": "2c0177660b7ecc915c118a000b931714", "numVertices": 447, "min": [-8.99938, 0.0, 4.26136]}
