{"max": [-12.7061, 9.7663, 3.14969], "centroid": [-15.483709215017067, 8.898842320819112, 0.3271792890784984], "id": "5505ddb926a77c0f171374ea58140325", "numVertices": 293, "min": [-18.4012, 0.0, -2.54542]}
