{"max": [1.152, 1.2192, 5.7742e-08], "centroid": [0.8189422477064214, 0.6095999541284393, -0.49025759971589017], "id": "e6e8c85c84f7c6894c3aee8e9d3a6ffa", "numVertices": 218, "min": [0.0, 0.0, -0.64135]}
