{"max": [0.0, 507.58, 114.4], "centroid": [-56.98227336448606, 415.72483177570035, 12.975880373831776], "id": "182760a92182873b4cbbb913355f84cf", "numVertices": 428, "min": [-114.4, 0.0, 0.0]}
