{"max": [0.01, 0.0, 0.0], "centroid": [-0.22487778378378387, -0.24085045945945938, -0.02751978378378373], "id": "a0a41f9444733969c3d30d5f04be159e", "numVertices": 148, "min": [-0.3796, -0.690425, -0.0562]}
