{"max": [3.70807, 1.74955, -1.96882], "centroid": [2.504991066298744, 0.7569495676609556, -6.1782444713138], "id": "53b6f9eb4337276473f10e6caaeca56", "numVertices": 12323, "min": [1.28493, -0.0151029, -8.20783]}
