{"max": [0.000811657, 1.84903, 0.0], "centroid": [-0.22880003584662595, 1.2182689969325147, -0.20419587423312885], "id": "2b326c82b14dcdcfaf0affed7cfb91de", "numVertices": 326, "min": [-0.458012, 0.0, -0.3302]}
