{"max": [0.0, 0.891, 0.674723], "centroid": [-0.3007749894999999, 0.2480794113142867, 0.29851975373974593], "id": "b1080bd937b04a44575f4e5007488531", "numVertices": 700, "min": [-0.6, 0.0, -1.75089e-07]}
