{"max": [40.2834, 30.2764, 28.0229], "centroid": [24.33482701384715, 13.749977931968735, 1.9393914635761043], "id": "c815baf0ba9306cca9af96dabf6167b0", "numVertices": 3322, "min": [8.62232, 0.0, -6.08474]}
