{"max": [0.838165, 0.60971, 0.0762352], "centroid": [0.38310199565449277, 0.2710028194202896, -0.3906401252197102], "id": "1b39d7b69bee8a09a2c59a4d90e63212", "numVertices": 345, "min": [-0.0762352, -0.003175, -0.838165]}
