{"max": [0.0777558, 0.48705, 0.0773049], "centroid": [-0.0005418785191634405, 0.2494498603456336, 0.0008862146021707518], "id": "d1948365bbed9de270bb6bcb670ecdf5", "numVertices": 4282, "min": [-0.0772442, 0.0, -0.0776951]}
