{"max": [4.82235, 5.0437, 25.4662], "centroid": [1.8229532669081872, 0.14956915068979237, 9.54965346230249], "id": "165b1865ba7eb0efffef2f04639c404e", "numVertices": 12395, "min": [-1.086, -2.42133, -0.03]}
