{"max": [0.0, 0.500441, 0.0], "centroid": [-0.23838466666666666, 0.4032426161616161, -0.4563827878787871], "id": "4e9832bbbb077f9c5c5adfeaec1397f", "numVertices": 99, "min": [-0.5, 0.0, -0.490441]}
