{"max": [14.0107, 1.71089, -2.16955], "centroid": [13.826502763466019, 1.2014907311194372, -3.3427291241217785], "id": "a7072394bb9d23f54b49cd65dfcc3a9a", "numVertices": 2135, "min": [13.6828, 0.0, -6.10191]}
