{"max": [170.353, 18.6108, 63.1012], "centroid": [144.62459205658882, 4.610799817119919, 25.063396338892655], "id": "5aa22f8c52d2f777a80799ffaf21ea7d", "numVertices": 15409, "min": [118.897, 0.196955, 0.0]}
