{"max": [-0.781076, 0.578448, -0.717733], "centroid": [-0.7937500000000001, 0.32323578947368403, -0.7304067894736841], "id": "34cb3fade2a5de47ffb638a278d56097", "numVertices": 57, "min": [-0.806424, 0.226147, -0.743081]}
