{"max": [0.166395, 0.572, 0.166363], "centroid": [-0.7608133922963686, 0.2758865811329778, -0.3230620502336366], "id": "52da987951645a4b3c8d0fdfb1cc2535", "numVertices": 6249, "min": [-1.9236, -0.07, -0.923637]}
