{"max": [-0.0356223, 0.0, 0.00714375], "centroid": [-0.040779667640613484, -0.17070016530314094, -0.013677306313513507], "id": "debbbf239d59d8724662dc124dd336ed", "numVertices": 1369, "min": [-0.0459411, -0.2413, -0.041275]}
