{"max": [-2.91409, 1.7145, 2.31501], "centroid": [-4.756793779425998, 0.7542648320219357, 1.2017491015801447], "id": "298e3b4149c28821b9001bf6cb0603cd", "numVertices": 3101, "min": [-6.65084, 0.0, 0.696085]}
