{"max": [-44.9786, -25.9688, -88.2297], "centroid": [-45.054855791962375, -26.01907616465048, -88.30351636768236], "id": "97690c4db20227d248e23e2c398d8046", "numVertices": 7191, "min": [-45.1105, -26.066, -88.3672]}
