{"max": [1.22068, 1.27908, 1.44894], "centroid": [0.5924654764883708, 0.49646244998592, 0.5838341169964579], "id": "be9812128882a7957e167bb4cf1b28cc", "numVertices": 4687, "min": [0.0, 0.0, 0.0]}
