{"max": [0.0, 0.393185, -2.6077e-08], "centroid": [-0.3537385046296316, 0.1449110879861113, -0.20074488588038666], "id": "2135295ad1c580e7ffbff4948728b4f5", "numVertices": 864, "min": [-0.604, 0.0, -0.561318]}
