{"max": [2.57377, 7.65651, -2.04946], "centroid": [-0.16037530690724452, 5.661582513250869, -2.385606934628998], "id": "31f30fad514955060d6908d0bcf26ba", "numVertices": 2264, "min": [-1.15686, 0.0, -3.24009]}
