{"max": [0.252721, 0.68667, 0.189848], "centroid": [-0.004987934863797046, 0.4260983785632833, -0.03266862539355761], "id": "c795ed7d374e893964558a1c6a2a9f11", "numVertices": 1754, "min": [-0.188528, 0.0, -0.244305]}
