{"max": [4.60492, 0.155559, 0.629379], "centroid": [3.300313011596176, 0.09013438838335698, 0.15040800866030066], "id": "6da19d0d62f55b3257c37d9adada9daa", "numVertices": 2932, "min": [2.11155, 0.0, -0.263492]}
