{"max": [0.0, 0.0190345, 0.253681], "centroid": [-0.21030952127054195, 0.012045466772300608, 0.07488377116930743], "id": "21f6bbe54dab206a571ee28145703271", "numVertices": 13632, "min": [-0.43, -0.00809203, -0.00063257]}
