{"max": [0.003175, 0.294365, 0.0260003], "centroid": [-0.00712801769067797, 0.13755015169491525, -0.017242815683050895], "id": "5cdafa063633c35ea326c894c9217cb", "numVertices": 472, "min": [-0.0172244, 0.0171967, -0.0761543]}
