{"max": [1.2, 0.958, 0.3], "centroid": [0.5073764693693689, 0.5988687042042026, 0.2180398630630634], "id": "9cef7572697b44ede98e4da245e0b83", "numVertices": 666, "min": [0.0, 0.0, 0.0]}
