{"max": [0.304288, 1.49245, 0.2921], "centroid": [0.14581346269966472, 0.7126343810768965, 0.040752510860378933], "id": "80e9c1d6499b6a9689ab11a408196888", "numVertices": 55715, "min": [-0.00757246, -0.0149545, -0.285256]}
