{"max": [-1.09837, -0.374709, 0.636068], "centroid": [-1.332030318058169, -0.4869322561205274, 0.4187675337936812], "id": "d777679b4dd35c76a4136492f17b9a59", "numVertices": 4779, "min": [-1.57086, -0.599115, 0.208753]}
