{"max": [0.0, 0.142433, 0.28622], "centroid": [-0.0808030129737135, 0.07361848874519539, 0.18285890705269695], "id": "d18c3ce1f186c16976bb31db0358e9c6", "numVertices": 1613, "min": [-0.162088, 0.0, 0.0]}
