{"max": [1.163, 0.478664, 0.238997], "centroid": [0.5671023818187372, 0.21558749782996653, 0.020809841051926847], "id": "dddc8d8cdd6361e49c9fa9de1518212", "numVertices": 7834, "min": [-0.0287983, -0.02, -0.197378]}
