{"max": [0.73312, 0.363132, 0.69882], "centroid": [0.06345304201680675, 0.18156598151260542, 0.06381995445378157], "id": "b8e55509c5223c09f51f77a6d7299806", "numVertices": 119, "min": [-0.76688, 0.0, -0.57118]}
