{"max": [0.0, 0.868998, 0.680228], "centroid": [-0.24806422569053085, 0.806833986605102, 0.077056153856813], "id": "1418f648e32f1921df3a1b0d597ce76e", "numVertices": 2165, "min": [-0.6096, 0.0, 0.0]}
