{"max": [1.2192, 2.3241, 2.35585], "centroid": [0.6190020438730025, 1.139491864707411, 1.2730024460246578], "id": "f388c768c0511cdff72f7a2cfcd9c0f3", "numVertices": 3811, "min": [0.0, 0.0, 0.0]}
