{"max": [-0.747755, 13.7224, 0.1905], "centroid": [-7.607079677419346, -1.076824645161291, -4.759790038709679], "id": "f0d2c4725d7c5bd037aa26bfaa1093ed", "numVertices": 155, "min": [-12.0205, -32.6834, -8.509]}
