{"max": [5.07027, 7.49935, 2.43951], "centroid": [-0.09550096322870098, -1.6185220119581463, -0.004376609745889227], "id": "8f000f5a05ebffc5275a90d0cd7aaf64", "numVertices": 669, "min": [-5.34693, -5.94096, -2.25727]}
