{"max": [0.051661, 1.61746, 0.00397655], "centroid": [-0.02094673389921083, 1.4110512908680934, -0.03473914374295375], "id": "97940f715478c1c4ce76da9b42b3ec76", "numVertices": 1774, "min": [-0.132489, 1.31117, -0.0638479]}
