{"max": [0.0161059, 1.15906, 0.00271002], "centroid": [-0.8795322307259748, 0.4891670487067676, -0.56971125533493], "id": "b0e9391ecbf7334c4383822c87ad59db", "numVertices": 31324, "min": [-1.80327, -4.56348e-08, -0.995542]}
