{"max": [13.6271, -0.048685, -1.86081], "centroid": [12.763200576923095, -2.6017281646474304, -1.9238657435897462], "id": "7d93b8dae79d5bbe7015d3b6f402d5a4", "numVertices": 3120, "min": [11.9586, -3.616, -2.03196]}
