{"max": [-0.165332, 0.124689, -0.124999], "centroid": [-0.17912204668838222, 0.08171550613072728, -0.20897369598262666], "id": "d45435235c262f179f433921788191f3", "numVertices": 4605, "min": [-0.193781, -0.00481308, -0.472593]}
