{"max": [-0.0165666, 0.700272, 2.02432], "centroid": [-0.23888317553471422, 0.3055670837218339, 1.1523890086126052], "id": "7b6d89ff70831e71594057aa2102e240", "numVertices": 8743, "min": [-0.437019, 0.0, 0.010484]}
