{"max": [-1.10674, 0.096582, 1.1078], "centroid": [-1.3041642857142863, 0.03324932142857154, 0.8805854607142861], "id": "2ae75c0f4bf43142e76bc197b3a3ffc0", "numVertices": 280, "min": [-1.50159, 0.0, 0.653376]}
