{"max": [0.713633, 1.56181, 0.601797], "centroid": [0.11834024618473885, 1.2113998473895575, -0.09481725453815258], "id": "a3d8771740fd7630afd6b353b2d4958f", "numVertices": 249, "min": [-0.474087, 0.910238, -1.13221]}
