{"max": [-0.219825, 1.57842, 1.2848], "centroid": [-0.9308239114503801, 0.6919773958778612, 0.105853564], "id": "58fbc1679a7b229b7773fd259c9bf7d7", "numVertices": 655, "min": [-1.54888, 0.0, -0.747222]}
