{"max": [-1.24259, 1.6145, 1.97591], "centroid": [-2.523629559927476, 0.13468192260773112, 1.0242795223004137], "id": "d9acee6657134387c664c3d4e2d59341", "numVertices": 61808, "min": [-3.7685, 0.0, -0.0463503]}
