{"max": [0.6096, 0.0, 0.0], "centroid": [0.33467866446700506, -0.6083726662436545, -0.4441114162436529], "id": "1b400773151aa9d64c3aee8e9d3a6ffa", "numVertices": 788, "min": [0.0, -1.728, -0.64135]}
