{"max": [0.08, 0.4, 0.0198671], "centroid": [0.007349623094958966, 0.2573424135990625, -0.06018443005861656], "id": "9cabda39008f86316d075d8d4fe1141", "numVertices": 853, "min": [-0.08, 0.0, -0.140133]}
