{"max": [-0.0457603, 0.0746271, 0.214507], "centroid": [-0.09163825817620865, 0.03907508231744967, 0.16566133116215292], "id": "b42c73b391e14cb16f05a1f780f1cef", "numVertices": 2917, "min": [-0.135063, 0.0, 0.149723]}
